Order Date,State,Category,Sales,Quantity,Profit,Discount (%),Customer Rating
2023-11-24,Karnataka,Electronics,21030.2,9,2328.01,0,4.5
2023-10-07,Karnataka,Beauty,1446.96,2,185.36,20,4.4
2023-10-15,Tamil Nadu,Beauty,30952.54,8,4370.56,0,4.6
2023-03-23,Madhya Pradesh,Beauty,28424.39,11,3620.39,10,3.7
2023-07-14,Karnataka,Books,60335.34,12,15540.47,25,4.2
2023-03-05,Telangana,Beauty,13920.91,3,3653.81,20,4.8
2023-07-05,Punjab,Groceries,2531.05,3,329.38,10,5.0
2023-04-30,Odisha,Furniture,33602.43,13,7387.51,10,3.7
2023-07-01,Tamil Nadu,Sports,15205.45,3,1788.93,25,3.9
2023-08-25,Rajasthan,Sports,38648.05,18,5849.08,0,3.8
2023-01-17,Bihar,Books,32604.74,13,4121.77,20,4.8
2023-06-11,Tamil Nadu,Home Appliances,92756.61,13,20538.86,5,3.9
2023-05-07,Madhya Pradesh,Sports,70551.82,19,14701.39,10,3.8
2023-03-12,Kerala,Home Appliances,18505.1,3,4986.06,5,4.4
2023-12-15,Rajasthan,Furniture,43707.88,13,13075.07,20,3.9
2023-10-11,Odisha,Electronics,22451.31,4,4448.36,10,4.7
2023-06-24,Karnataka,Sports,23606.56,14,1905.38,25,4.8
2023-05-15,Kerala,Clothing,124860.05,17,33901.26,10,4.8
2023-09-17,Punjab,Groceries,16521.77,5,1908.94,20,4.9
2023-11-03,Uttar Pradesh,Home Appliances,1339.01,1,214.05,10,3.9
2023-05-04,Telangana,Furniture,17967.92,3,4663.13,20,4.6
2023-03-07,Haryana,Home Appliances,31292.14,18,6136.02,20,4.1
2023-04-19,Telangana,Groceries,34924.42,10,7954.77,10,4.2
2023-09-22,West Bengal,Furniture,17481.84,8,2698.83,20,4.3
2023-10-29,Tamil Nadu,Electronics,17426.42,3,1619.82,0,4.9
2023-06-19,Karnataka,Groceries,49656.0,9,6312.87,5,4.6
2023-10-20,Punjab,Home Appliances,51077.17,8,13160.0,5,3.6
2023-12-04,Rajasthan,Books,50165.74,14,13546.96,0,4.5
2023-11-27,Karnataka,Electronics,77500.82,13,19850.31,0,3.9
2023-04-08,Kerala,Home Appliances,18320.56,5,2588.33,5,4.8
2023-02-08,West Bengal,Furniture,10782.17,2,2144.89,0,5.0
2023-05-02,Delhi,Beauty,65763.01,16,17770.68,0,3.7
2023-01-02,Rajasthan,Sports,39590.54,15,9234.5,25,5.0
2023-10-12,Haryana,Home Appliances,9621.17,5,1230.49,0,4.4
2023-10-05,Maharashtra,Books,1752.14,2,323.96,20,3.7
2023-09-18,Karnataka,Clothing,14888.29,3,3402.67,5,4.1
2023-10-19,Tamil Nadu,Electronics,22297.51,20,5008.51,20,4.3
2023-05-14,Tamil Nadu,Books,19936.87,8,2169.0,25,3.9
2023-06-11,Telangana,Furniture,3937.14,1,1179.8,0,3.6
2023-04-20,Kerala,Sports,37497.23,5,10266.37,5,4.1
2023-03-22,West Bengal,Sports,157578.0,20,40586.1,20,3.5
2023-10-11,Gujarat,Furniture,12417.47,5,3423.95,25,4.3
2023-05-20,Gujarat,Groceries,22296.78,11,4894.86,10,4.3
2023-05-09,Telangana,Electronics,15771.4,3,4139.31,0,3.5
2023-03-08,Haryana,Sports,36355.39,6,7320.87,15,4.3
2023-02-27,Karnataka,Clothing,13863.8,18,2235.23,20,3.7
2023-03-07,Maharashtra,Sports,86908.33,12,22174.39,0,4.8
2023-04-18,Haryana,Groceries,12610.36,4,2562.1,15,5.0
2023-03-21,Telangana,Groceries,46929.27,6,12125.11,15,3.5
2023-06-20,Bihar,Beauty,20008.34,8,5066.56,0,4.1
2023-01-20,Odisha,Home Appliances,15974.37,8,4505.72,10,4.0
2023-04-27,Tamil Nadu,Electronics,24419.46,7,3450.29,0,5.0
2023-05-23,Uttar Pradesh,Beauty,53705.23,18,4622.52,10,3.8
2023-05-16,Maharashtra,Furniture,75184.56,20,18065.34,10,4.2
2023-09-19,Karnataka,Beauty,36586.23,19,3284.16,15,3.5
2023-10-03,Haryana,Groceries,44816.77,12,12940.95,10,4.4
2023-12-06,Odisha,Furniture,43034.19,10,9756.56,10,4.1
2023-06-01,Kerala,Clothing,25573.43,7,7336.51,25,4.6
2023-03-31,Punjab,Sports,59923.88,13,4799.26,10,3.8
2023-10-24,Punjab,Books,57200.93,15,13078.31,20,4.2
2023-03-28,Haryana,Furniture,43658.9,10,9572.08,10,3.6
2023-05-01,Haryana,Sports,52393.77,8,5890.0,0,3.9
2023-09-01,Punjab,Furniture,54124.61,15,11828.85,5,4.6
2023-07-16,West Bengal,Beauty,12854.28,8,2972.9,0,4.7
2023-04-23,Delhi,Home Appliances,9361.09,2,2638.36,0,4.2
2023-08-26,Haryana,Books,76423.39,15,18207.13,20,4.1
2023-10-08,West Bengal,Clothing,62008.37,16,15216.29,25,3.9
2023-09-24,West Bengal,Groceries,34191.4,9,8102.67,5,3.9
2023-06-13,Telangana,Furniture,8156.15,5,1339.79,5,4.6
2023-02-02,Rajasthan,Beauty,50265.42,11,8619.03,5,4.7
2023-07-19,Telangana,Electronics,63704.3,19,5178.98,10,3.9
2023-07-19,Odisha,Beauty,109914.62,18,21999.31,20,4.8
2023-09-07,Tamil Nadu,Sports,57992.41,14,9600.56,25,4.5
2023-07-27,Madhya Pradesh,Clothing,110948.43,15,32813.98,20,3.5
2023-07-21,Punjab,Electronics,15961.87,3,1753.47,15,3.8
2023-05-14,Rajasthan,Books,27371.71,7,4222.09,15,3.9
2023-08-04,Gujarat,Furniture,10325.99,16,2051.49,10,3.8
2023-02-05,Bihar,Electronics,7622.09,1,944.07,0,4.4
2023-05-03,Delhi,Home Appliances,18919.09,4,2420.74,25,3.9
2023-07-08,Delhi,Furniture,46412.43,6,4816.76,0,4.9
2023-10-22,Haryana,Beauty,98293.38,13,12152.26,20,4.5
2023-11-18,Tamil Nadu,Furniture,68771.99,10,14585.89,0,4.7
2023-10-17,Bihar,Electronics,53947.07,12,12166.94,0,4.3
2023-06-24,Maharashtra,Beauty,20664.66,16,6021.13,25,4.8
2023-08-24,Madhya Pradesh,Clothing,25494.38,14,4965.9,25,3.9
2023-10-03,Bihar,Home Appliances,56502.13,15,13607.17,10,4.0
2023-05-06,Odisha,Furniture,64010.1,9,8554.95,15,4.4
2023-12-09,Rajasthan,Books,4207.3,1,637.42,15,3.8
2023-05-13,Uttar Pradesh,Sports,115177.56,20,16214.59,0,4.3
2023-04-08,Karnataka,Groceries,58300.67,14,14388.39,25,4.2
2023-12-31,West Bengal,Home Appliances,1197.9,1,154.23,25,3.9
2023-12-06,Punjab,Books,74416.75,16,11581.23,25,4.3
2023-06-30,Madhya Pradesh,Home Appliances,25197.05,9,3293.72,25,3.8
2023-03-03,Madhya Pradesh,Clothing,14860.19,7,2771.78,25,4.4
2023-09-26,Punjab,Sports,26978.85,4,3916.63,10,3.8
2023-01-08,Madhya Pradesh,Clothing,7572.31,9,696.62,10,4.5
2023-03-06,Haryana,Home Appliances,28181.59,4,5813.7,15,4.2
2023-06-24,Delhi,Electronics,68021.79,9,12590.86,0,4.1
2023-02-07,Punjab,Electronics,8094.91,5,1649.94,10,3.6
2023-05-08,Karnataka,Beauty,99419.03,20,21479.68,20,4.1
2023-08-15,Gujarat,Beauty,47647.21,10,4443.13,25,3.6
2023-04-17,Haryana,Groceries,49078.9,9,5622.11,5,4.3
2023-03-22,Maharashtra,Beauty,85054.25,15,15597.31,0,3.8
2023-12-28,Gujarat,Home Appliances,16966.16,3,4805.84,25,4.4
2023-04-12,Rajasthan,Furniture,39349.28,18,4437.72,10,4.7
2023-02-06,Maharashtra,Clothing,49628.3,10,12969.51,10,4.2
2023-08-28,Madhya Pradesh,Sports,98410.93,13,18708.3,15,4.2
2023-11-03,Maharashtra,Beauty,55306.38,11,4739.22,5,4.9
2023-10-22,Punjab,Electronics,43396.67,9,10757.34,5,4.2
2023-11-30,West Bengal,Sports,47862.55,6,8418.77,15,5.0
2023-08-29,Uttar Pradesh,Beauty,31987.31,11,3295.08,5,4.0
2023-12-22,West Bengal,Sports,85822.69,13,17252.18,15,3.6
2023-05-10,Uttar Pradesh,Furniture,90828.78,13,23750.27,0,4.5
2023-10-05,West Bengal,Beauty,3813.74,2,608.64,15,4.4
2023-01-27,Tamil Nadu,Sports,26686.79,18,3825.99,25,4.2
2023-01-15,Haryana,Groceries,16983.76,6,1409.79,15,3.6
2023-02-28,West Bengal,Furniture,21189.08,5,5035.64,20,4.6
2023-08-01,Odisha,Home Appliances,37247.71,16,7497.16,15,3.8
2023-11-03,Kerala,Clothing,7715.57,3,1958.22,15,4.0
2023-09-17,Gujarat,Electronics,59453.82,10,15710.36,20,5.0
2023-09-08,Odisha,Clothing,68090.31,15,10617.14,20,4.6
2023-07-13,West Bengal,Books,54990.67,7,7288.31,15,3.9
2023-07-30,Maharashtra,Books,92627.35,16,23945.09,15,5.0
2023-11-30,Delhi,Home Appliances,2893.69,2,846.05,10,4.8
2023-08-14,Karnataka,Home Appliances,5918.33,1,1007.27,25,5.0
2023-02-08,West Bengal,Sports,56918.9,11,9530.86,0,4.8
2023-12-12,Odisha,Beauty,57210.93,11,15746.54,15,4.8
2023-01-19,Punjab,Furniture,41869.66,8,11832.55,5,4.6
2023-08-11,Karnataka,Furniture,26216.04,15,3824.46,0,3.6
2023-01-29,Gujarat,Books,44761.81,12,5985.7,15,4.3
2023-04-03,Delhi,Clothing,15213.57,3,2497.46,25,3.9
2023-10-26,Delhi,Groceries,79264.27,15,14355.2,25,3.5
2023-08-27,Telangana,Sports,30326.71,18,5373.3,10,5.0
2023-06-03,Haryana,Beauty,35336.42,9,5175.61,15,4.8
2023-02-24,Tamil Nadu,Beauty,60651.68,19,8800.07,25,3.9
2023-12-04,Rajasthan,Sports,4744.47,1,1095.38,25,5.0
2023-11-07,Madhya Pradesh,Home Appliances,63180.57,10,8253.03,10,3.8
2023-04-08,Punjab,Sports,26059.3,5,7264.0,25,3.6
2023-08-14,Maharashtra,Books,5880.0,5,852.15,25,4.1
2023-04-13,Delhi,Books,72478.83,17,10143.85,5,3.9
2023-09-04,Bihar,Sports,71849.18,11,13150.76,0,3.7
2023-04-26,Odisha,Beauty,58379.63,18,14825.51,0,3.9
2023-03-05,West Bengal,Books,43957.81,9,11469.99,10,3.7
2023-04-30,West Bengal,Electronics,142635.23,20,29027.64,20,3.8
2023-02-02,Haryana,Home Appliances,53692.96,10,5673.67,0,4.9
2023-06-05,West Bengal,Furniture,9044.0,4,1793.07,15,4.2
2023-12-10,Madhya Pradesh,Beauty,115273.33,19,13140.59,15,4.5
2023-09-08,Punjab,Beauty,6708.35,9,1083.51,15,4.2
2023-05-01,Odisha,Books,31427.83,4,5054.03,25,4.0
2023-07-23,Gujarat,Groceries,30470.32,4,7962.57,0,4.5
2023-11-25,Haryana,Electronics,12801.92,2,1710.15,5,4.7
2023-04-16,Karnataka,Groceries,40273.07,19,10927.41,10,4.7
2023-11-02,Maharashtra,Sports,39532.27,5,7860.89,5,3.7
2023-01-14,Delhi,Electronics,77098.62,12,10203.61,10,3.5
2023-05-16,Maharashtra,Clothing,62238.98,14,15189.2,15,4.2
2023-07-05,Kerala,Furniture,64181.85,15,18483.82,0,4.6
2023-12-04,Kerala,Sports,79875.83,15,6937.47,15,4.8
2023-08-07,Haryana,Furniture,93488.16,16,16601.97,0,4.0
2023-03-17,Karnataka,Clothing,46641.43,9,9737.81,25,4.0
2023-11-02,Kerala,Sports,64374.5,15,11242.61,25,3.7
2023-12-02,Haryana,Groceries,54413.27,14,7088.34,10,4.7
2023-07-24,Rajasthan,Furniture,40708.03,11,9213.19,10,4.9
2023-12-18,Telangana,Home Appliances,3552.56,3,350.92,15,3.6
2023-07-10,Bihar,Clothing,17097.43,18,4966.08,20,4.0
2023-03-04,Rajasthan,Books,98149.68,14,23421.79,10,4.4
2023-06-30,Karnataka,Groceries,27127.61,5,3508.52,0,4.0
2023-10-12,Uttar Pradesh,Furniture,43251.75,9,11141.16,20,5.0
2023-11-15,Punjab,Electronics,149362.64,20,39204.91,10,3.5
2023-05-20,Madhya Pradesh,Sports,34459.43,11,4132.0,5,4.3
2023-07-25,Karnataka,Clothing,1188.18,1,233.72,15,4.1
2023-06-24,Delhi,Books,59119.7,10,14833.36,20,4.4
2023-01-27,Delhi,Clothing,17464.37,20,1710.6,15,4.5
2023-09-06,Punjab,Home Appliances,35682.52,14,8781.02,0,4.0
2023-02-26,Gujarat,Home Appliances,93559.4,17,8419.58,15,5.0
2023-01-29,Maharashtra,Groceries,75899.31,10,18885.03,10,3.9
2023-03-03,Maharashtra,Home Appliances,25447.95,14,4164.45,25,3.8
2023-10-14,Odisha,Books,10434.1,3,2538.09,15,3.5
2023-02-09,Odisha,Books,70673.01,19,11941.83,25,4.1
2023-02-28,Rajasthan,Electronics,19679.54,11,5677.06,15,4.7
2023-07-05,Karnataka,Beauty,9299.49,4,1948.72,20,3.6
2023-06-08,Madhya Pradesh,Books,23984.12,8,2805.88,20,4.4
2023-09-29,Kerala,Groceries,37598.98,12,10934.13,25,4.7
2023-05-01,Karnataka,Clothing,17815.85,9,3786.36,25,3.6
2023-11-18,West Bengal,Home Appliances,117782.49,19,21054.7,20,4.5
2023-11-16,Uttar Pradesh,Books,18991.11,5,3478.46,25,4.0
2023-05-21,Punjab,Electronics,51660.32,12,7660.69,15,3.6
2023-07-08,Odisha,Sports,16005.0,3,4721.81,0,4.4
2023-09-17,Rajasthan,Home Appliances,88490.08,19,22494.17,0,4.2
2023-10-20,Haryana,Groceries,55412.98,11,10545.13,0,4.2
2023-06-25,Madhya Pradesh,Furniture,90881.2,17,8053.1,25,4.2
2023-08-13,Kerala,Clothing,39556.68,12,5626.41,15,4.7
2023-12-14,Punjab,Electronics,10937.73,11,1102.43,25,4.1
2023-05-10,Madhya Pradesh,Clothing,12223.91,11,2762.54,10,4.0
2023-12-02,Madhya Pradesh,Beauty,24814.05,5,7105.76,10,4.3
2023-11-26,Bihar,Books,27629.36,5,7249.14,25,5.0
2023-09-27,Karnataka,Beauty,54633.08,17,8728.81,5,4.9
2023-06-24,Bihar,Home Appliances,15393.51,7,1697.36,0,3.9
2023-02-21,Kerala,Electronics,77802.4,11,16802.74,20,4.1
2023-03-25,Delhi,Clothing,12415.4,15,1988.28,25,3.9
2023-08-16,Punjab,Sports,33825.33,15,4485.82,15,4.9
2023-04-10,Uttar Pradesh,Home Appliances,94061.84,15,23627.14,20,4.3
2023-03-24,Odisha,Groceries,30759.78,20,4152.59,25,4.2
2023-07-10,Kerala,Furniture,117023.67,17,16700.9,5,3.9
2023-09-20,Delhi,Beauty,22794.3,3,2937.01,15,4.8
2023-01-14,Rajasthan,Electronics,55445.69,13,7311.69,0,4.1
2023-01-15,Uttar Pradesh,Furniture,70788.9,11,7806.03,10,4.9
2023-08-30,Madhya Pradesh,Clothing,61832.18,16,5018.01,0,3.5
2023-04-21,Odisha,Clothing,135930.5,18,29082.82,15,3.7
2023-05-28,Tamil Nadu,Sports,3432.48,4,591.63,20,4.2
2023-02-26,Odisha,Home Appliances,90408.07,20,19802.09,20,3.9
2023-03-15,Gujarat,Beauty,5111.07,1,679.38,15,3.8
2023-12-09,Karnataka,Books,22951.58,3,4583.39,20,4.3
2023-07-19,Odisha,Home Appliances,10535.06,2,3116.57,10,4.6
2023-07-02,Bihar,Furniture,27701.33,12,6220.69,0,4.7
2023-06-20,Delhi,Electronics,55141.24,12,14280.03,5,4.7
2023-12-17,West Bengal,Home Appliances,39517.4,6,3709.98,15,3.6
2023-04-14,Maharashtra,Groceries,5733.94,2,849.87,15,5.0
2023-10-06,West Bengal,Sports,12299.36,2,1501.05,10,4.8
2023-01-25,Odisha,Books,12902.06,9,2076.77,15,4.6
2023-07-17,Uttar Pradesh,Clothing,91048.22,16,14642.04,20,3.9
2023-02-12,Madhya Pradesh,Beauty,11188.66,3,3344.53,5,4.3
2023-06-14,Karnataka,Furniture,60025.84,11,8849.55,20,4.6
2023-03-27,Madhya Pradesh,Home Appliances,46241.67,12,11093.34,10,4.4
2023-08-11,Gujarat,Electronics,16601.64,3,2811.76,20,4.7
2023-12-14,Delhi,Electronics,34325.1,5,7866.61,15,3.6
2023-02-04,Tamil Nadu,Books,40456.9,12,8285.32,20,3.7
2023-08-19,Uttar Pradesh,Books,93347.0,15,19254.01,20,4.1
2023-06-10,Haryana,Sports,61631.2,8,5281.85,5,4.2
2023-07-18,Telangana,Furniture,56810.1,9,13344.03,5,5.0
2023-05-27,Madhya Pradesh,Home Appliances,9938.46,7,2659.75,15,3.8
2023-08-16,Karnataka,Books,69858.64,12,14041.54,10,4.8
2023-03-22,Madhya Pradesh,Clothing,51788.02,12,5525.77,5,4.7
2023-05-02,Bihar,Home Appliances,3206.72,1,660.27,15,4.7
2023-10-10,Delhi,Furniture,8459.04,3,2536.96,25,4.2
2023-07-30,Bihar,Beauty,20009.48,19,5881.26,25,3.6
2023-08-27,Haryana,Books,35423.51,5,8914.6,25,4.4
2023-03-08,Rajasthan,Electronics,17543.06,4,2577.21,5,4.0
2023-12-30,Tamil Nadu,Books,122603.05,17,32625.34,10,3.8
2023-10-10,Gujarat,Clothing,51082.12,10,5136.52,25,3.8
2023-10-25,Delhi,Clothing,118094.92,20,25169.64,20,3.6
2023-01-15,Karnataka,Electronics,47213.47,19,5966.74,20,4.1
2023-11-24,Maharashtra,Home Appliances,48105.67,18,13972.92,15,3.9
2023-12-17,Rajasthan,Sports,15709.47,15,1463.82,15,4.1
2023-08-26,Tamil Nadu,Books,31550.3,20,8503.65,10,4.6
2023-06-26,Rajasthan,Clothing,52348.21,12,5410.74,5,4.2
2023-05-17,West Bengal,Groceries,6130.44,5,881.84,15,4.8
2023-08-03,Tamil Nadu,Clothing,82534.5,11,19696.71,5,4.6
2023-09-13,Kerala,Home Appliances,113489.08,16,21497.27,0,4.9
2023-09-16,West Bengal,Groceries,34125.57,7,3095.35,10,4.2
2023-12-01,Haryana,Home Appliances,45251.81,10,12054.08,15,3.7
2023-05-16,Madhya Pradesh,Books,42178.89,13,7091.45,20,4.3
2023-07-05,Kerala,Sports,10192.85,3,1825.31,20,3.9
2023-11-16,Haryana,Furniture,39065.61,5,6510.63,10,4.3
2023-07-07,Bihar,Clothing,35129.3,7,5912.44,0,3.6
2023-03-12,Madhya Pradesh,Books,70319.93,16,7929.76,20,3.7
2023-11-10,Uttar Pradesh,Clothing,103085.03,13,25013.61,10,4.4
2023-09-17,Odisha,Home Appliances,52220.16,19,13549.29,10,4.0
2023-02-26,Rajasthan,Sports,4976.82,1,688.87,25,4.7
2023-10-24,Punjab,Groceries,9752.85,2,1146.08,25,4.6
2023-07-14,Delhi,Groceries,9588.55,2,2244.82,5,3.5
2023-06-10,Rajasthan,Clothing,79502.53,14,13537.93,20,4.9
2023-02-01,Madhya Pradesh,Clothing,34936.07,17,5293.2,25,4.2
2023-07-12,Uttar Pradesh,Clothing,110113.97,15,17102.01,10,4.5
2023-12-15,Haryana,Sports,82627.02,20,24012.59,10,4.3
2023-04-26,Gujarat,Sports,39737.6,7,7454.01,15,4.0
2023-05-21,Gujarat,Furniture,105918.67,19,17321.17,15,4.7
2023-03-16,Gujarat,Electronics,76648.53,10,7464.53,15,4.5
2023-09-03,Tamil Nadu,Groceries,45602.92,18,9286.76,10,3.7
2023-11-12,Madhya Pradesh,Groceries,7045.93,8,1966.8,5,4.5
2023-01-27,Karnataka,Beauty,64682.04,11,6605.32,5,3.5
2023-10-09,Telangana,Clothing,75553.74,14,20682.27,15,4.2
2023-04-13,Bihar,Sports,29046.77,11,2701.81,0,4.5
2023-04-29,Kerala,Electronics,21804.82,6,5762.43,0,5.0
2023-07-23,Bihar,Home Appliances,45147.39,6,13168.09,10,4.8
2023-01-05,Gujarat,Furniture,28976.34,11,8623.41,20,4.3
2023-03-10,Odisha,Home Appliances,17514.77,9,1835.24,5,4.6
2023-11-28,Gujarat,Clothing,6024.63,1,1530.07,20,4.5
2023-04-09,Delhi,Beauty,61104.47,14,6054.37,25,3.6
2023-03-13,West Bengal,Books,4409.81,8,724.91,15,4.6
2023-06-18,Gujarat,Electronics,48623.63,9,11300.57,0,4.5
2023-08-27,Gujarat,Clothing,73392.18,13,20776.1,25,4.7
2023-12-20,Karnataka,Sports,61316.29,12,7861.26,5,4.2
2023-08-21,Madhya Pradesh,Books,80703.78,14,22662.86,20,4.7
2023-04-22,Bihar,Groceries,140970.26,20,13816.7,15,4.3
2023-07-05,Karnataka,Furniture,13431.61,2,3742.52,5,4.4
2023-03-18,Delhi,Books,64834.67,17,14890.25,25,4.4
2023-02-16,Telangana,Home Appliances,7801.48,2,1505.02,15,4.3
2023-10-14,West Bengal,Sports,3469.62,1,900.78,25,3.8
2023-02-07,Maharashtra,Beauty,69034.64,12,13741.76,0,4.9
2023-02-05,Telangana,Home Appliances,5306.36,2,634.62,5,4.6
2023-11-27,Rajasthan,Books,50232.37,13,14153.74,15,4.1
2023-12-16,Haryana,Clothing,16676.99,12,4976.85,15,4.3
2023-04-25,Odisha,Electronics,7838.68,1,1425.55,25,4.3
2023-09-30,Rajasthan,Groceries,31637.52,8,3610.69,5,4.9
2023-02-27,Maharashtra,Beauty,124908.02,20,34278.07,0,3.9
2023-02-04,Karnataka,Electronics,74750.8,15,17545.73,0,3.9
2023-01-23,Rajasthan,Home Appliances,36385.59,8,8949.58,0,3.7
2023-05-29,Tamil Nadu,Books,94703.27,19,21588.28,10,3.9
2023-03-15,Haryana,Groceries,38552.6,14,3601.22,20,4.8
2023-03-31,Haryana,Beauty,75908.81,18,22309.89,25,4.5
2023-09-26,Uttar Pradesh,Beauty,22667.85,14,3690.81,20,4.2
2023-04-26,Gujarat,Clothing,110408.38,15,22492.94,15,4.3
2023-03-10,Rajasthan,Groceries,18225.23,9,4051.02,15,4.8
2023-02-17,Kerala,Groceries,5026.92,2,1147.18,20,3.6
2023-02-07,Tamil Nadu,Groceries,33066.69,16,9243.7,10,4.9
2023-01-08,Tamil Nadu,Groceries,24406.38,4,6002.82,5,4.5
2023-12-27,Tamil Nadu,Beauty,37124.76,8,9303.95,15,4.2
2023-11-29,Uttar Pradesh,Sports,28776.01,9,7890.92,15,3.6
2023-08-29,Bihar,Books,22962.01,7,3927.99,20,4.8
2023-03-16,Maharashtra,Sports,135192.36,18,28040.44,15,3.9
2023-04-11,Uttar Pradesh,Groceries,62054.48,13,8319.06,20,4.5
2023-12-17,Uttar Pradesh,Sports,123980.99,16,27421.22,15,4.2
2023-06-30,Delhi,Clothing,74922.7,18,21107.06,20,5.0
2023-01-31,Kerala,Electronics,22766.73,3,5168.22,0,4.1
2023-11-19,Tamil Nadu,Furniture,2842.8,5,543.72,10,3.6
2023-11-23,Haryana,Home Appliances,9887.81,16,1948.76,15,3.5
2023-09-29,Madhya Pradesh,Sports,140959.71,18,11808.39,25,4.5
2023-04-02,Karnataka,Furniture,27484.43,17,3359.29,20,3.9
2023-07-01,Gujarat,Beauty,9893.66,3,1675.25,20,3.9
2023-12-23,Tamil Nadu,Sports,16209.05,3,4357.13,0,3.6
2023-07-14,Rajasthan,Home Appliances,10551.22,2,2475.59,0,4.2
2023-08-11,Haryana,Books,148769.41,19,43774.62,20,4.9
2023-04-28,Tamil Nadu,Home Appliances,7642.93,9,736.45,10,4.8
2023-10-16,Haryana,Electronics,44794.49,6,6682.74,5,4.4
2023-12-31,Odisha,Beauty,8233.73,3,1680.26,20,4.8
2023-07-19,Haryana,Books,80171.9,13,8882.18,25,4.6
2023-09-14,Madhya Pradesh,Books,2465.29,2,323.13,0,4.0
2023-11-11,Punjab,Beauty,7944.12,11,1113.22,15,4.2
2023-07-02,Kerala,Beauty,26502.47,14,5536.17,15,3.6
2023-11-13,Gujarat,Groceries,3345.86,3,381.19,25,4.7
2023-03-20,Madhya Pradesh,Beauty,35257.77,11,3530.52,10,4.2
2023-05-19,Karnataka,Clothing,5716.32,3,1021.77,20,4.3
2023-02-22,Maharashtra,Furniture,55879.78,12,11808.71,10,4.8
2023-01-07,Gujarat,Beauty,82468.99,13,19748.49,20,4.9
2023-05-05,Punjab,Clothing,23026.42,13,3204.41,10,4.2
2023-02-02,Delhi,Beauty,32924.41,9,6141.42,0,4.0
2023-05-07,Madhya Pradesh,Home Appliances,102500.32,20,18524.84,5,4.0
2023-07-22,Uttar Pradesh,Beauty,41818.39,11,7307.16,25,5.0
2023-03-11,Gujarat,Books,152091.84,20,18887.88,10,3.8
2023-07-23,Uttar Pradesh,Sports,124131.57,16,31285.42,10,4.1
2023-07-21,Uttar Pradesh,Furniture,37971.51,19,11368.6,5,4.5
2023-10-09,Maharashtra,Home Appliances,26518.89,7,3821.18,25,3.6
2023-07-29,Haryana,Home Appliances,26250.1,5,3497.69,25,3.7
2023-08-05,Bihar,Beauty,11604.0,3,2454.77,20,4.1
2023-09-17,Telangana,Beauty,13963.3,18,4092.0,25,4.8
2023-10-02,Punjab,Furniture,25068.62,4,5632.23,10,3.7
2023-11-10,Maharashtra,Beauty,85171.63,11,14879.5,0,3.6
2023-04-24,Kerala,Groceries,49588.45,15,9018.85,25,4.4
2023-09-14,Delhi,Books,4120.78,1,597.49,0,3.7
2023-03-14,Uttar Pradesh,Sports,43064.94,11,5405.12,15,4.0
2023-02-19,West Bengal,Home Appliances,11041.88,11,991.9,25,3.7
2023-06-25,Haryana,Furniture,44846.51,6,10893.56,20,3.8
2023-03-23,Uttar Pradesh,Beauty,33583.75,15,5679.36,5,3.8
2023-12-03,Rajasthan,Beauty,6030.41,1,1654.03,15,4.4
2023-07-19,Maharashtra,Groceries,18113.1,7,4253.45,0,4.4
2023-10-02,Delhi,Books,21758.63,11,2286.18,25,4.8
2023-09-28,Haryana,Books,68295.89,20,11361.68,0,4.0
2023-08-23,Punjab,Clothing,73901.19,10,15507.21,25,3.7
2023-03-02,Tamil Nadu,Sports,7491.34,4,1742.16,20,4.1
2023-11-02,Delhi,Beauty,26504.14,14,5825.88,25,4.9
2023-03-30,Kerala,Clothing,42660.17,16,5168.78,15,4.4
2023-07-03,Maharashtra,Home Appliances,9817.32,5,1614.63,20,4.3
2023-09-11,Rajasthan,Home Appliances,81564.95,14,14489.8,5,3.6
2023-01-16,Bihar,Groceries,7452.13,10,964.79,10,3.8
2023-08-23,Punjab,Home Appliances,77958.81,18,16059.29,10,4.7
2023-07-07,Kerala,Electronics,68964.74,15,20534.3,0,4.6
2023-12-01,Bihar,Groceries,70610.74,10,6149.54,10,4.0
2023-02-14,West Bengal,Furniture,16592.69,8,4019.99,25,4.0
2023-12-30,Punjab,Beauty,30726.8,6,7763.64,5,4.7
2023-10-19,Uttar Pradesh,Sports,90815.28,20,13731.62,25,3.9
2023-10-21,Gujarat,Furniture,38603.95,5,9761.09,0,5.0
2023-12-02,Delhi,Clothing,12774.61,8,1927.19,5,4.6
2023-12-13,Rajasthan,Home Appliances,24153.46,5,3360.18,15,4.1
2023-02-08,Haryana,Furniture,56772.31,13,8016.8,10,4.2
2023-09-07,Uttar Pradesh,Electronics,17945.97,3,3245.69,25,4.5
2023-02-02,Bihar,Beauty,54326.75,7,14204.62,15,3.9
2023-05-26,Uttar Pradesh,Clothing,130970.22,19,33191.36,25,4.6
2023-01-24,Karnataka,Home Appliances,1431.78,1,384.7,15,4.2
2023-08-08,Tamil Nadu,Clothing,16923.31,10,4826.52,10,3.6
2023-07-04,Gujarat,Furniture,65805.79,12,14658.93,0,4.1
2023-06-06,Madhya Pradesh,Groceries,75825.95,14,17804.96,0,3.8
2023-02-09,Delhi,Groceries,95197.8,17,7810.33,25,4.0
2023-03-03,Odisha,Beauty,20413.76,5,2661.31,0,4.6
2023-02-22,Karnataka,Books,85289.01,12,9396.16,5,4.5
2023-12-13,Delhi,Furniture,80319.63,17,17210.11,5,4.2
2023-04-20,Haryana,Clothing,71687.98,14,12712.03,5,3.6
2023-02-21,Delhi,Furniture,113526.3,19,17861.98,15,4.0
2023-03-13,Tamil Nadu,Sports,7083.76,3,1503.31,25,4.4
2023-12-20,Maharashtra,Sports,30681.83,7,5893.83,25,4.1
2023-11-27,Maharashtra,Groceries,54306.27,16,7224.8,25,4.4
2023-09-28,Telangana,Electronics,90053.2,12,9819.06,20,4.1
2023-10-07,Haryana,Clothing,122534.36,16,30569.96,0,4.4
2023-01-08,Gujarat,Groceries,14838.69,2,4284.07,15,4.3
2023-11-18,Madhya Pradesh,Beauty,80690.12,14,7918.45,20,4.3
2023-03-20,Gujarat,Furniture,10926.62,10,3087.9,5,4.3
2023-07-20,Punjab,Furniture,57400.69,10,13810.08,5,3.6
2023-02-14,Telangana,Beauty,15601.16,4,3337.76,10,4.5
2023-12-03,Madhya Pradesh,Clothing,2379.95,4,262.24,0,3.7
2023-06-27,Kerala,Sports,19734.12,6,4833.89,10,4.6
2023-03-02,Bihar,Electronics,72086.4,11,10080.25,0,3.9
2023-10-23,Haryana,Furniture,62623.73,16,9971.4,15,4.8
2023-03-27,Uttar Pradesh,Clothing,56699.7,9,15691.02,25,4.6
2023-04-27,Madhya Pradesh,Electronics,13880.34,2,1147.95,0,4.2
2023-07-16,Telangana,Clothing,44902.2,6,12062.83,20,4.7
2023-12-02,Rajasthan,Groceries,25981.71,11,7313.54,10,3.9
2023-02-09,Punjab,Books,17061.23,4,4750.31,5,3.8
2023-09-22,Maharashtra,Beauty,21232.3,3,5743.91,10,4.0
2023-10-11,West Bengal,Electronics,24060.4,12,4909.22,10,4.6
2023-05-05,West Bengal,Books,147989.73,19,44324.87,5,4.6
2023-10-07,Bihar,Groceries,2739.17,5,466.23,5,4.3
2023-11-22,Odisha,Electronics,5620.62,11,1262.43,25,4.6
2023-02-23,Tamil Nadu,Groceries,58663.03,14,5466.04,5,4.6
2023-02-17,Maharashtra,Groceries,61164.74,17,16944.29,15,5.0
2023-02-13,Punjab,Furniture,25523.02,17,6645.99,0,4.4
2023-02-01,Rajasthan,Clothing,21500.56,8,5744.97,15,4.6
2023-06-17,Uttar Pradesh,Home Appliances,20268.76,9,5828.93,5,4.7
2023-10-27,Karnataka,Clothing,6931.25,4,1265.18,15,3.7
2023-07-03,Bihar,Groceries,42184.62,15,5834.21,0,3.6
2023-12-18,Gujarat,Electronics,47386.05,7,7208.11,0,4.6
2023-07-02,Rajasthan,Electronics,24512.51,10,7303.47,0,4.9
2023-08-20,Kerala,Groceries,15861.3,4,4074.09,5,3.7
2023-02-01,Odisha,Groceries,9929.99,5,1669.51,25,4.4
2023-11-27,Karnataka,Sports,1990.5,3,187.47,25,4.2
2023-03-07,Karnataka,Books,3280.89,4,595.22,5,4.9
2023-08-10,Odisha,Beauty,11537.88,16,2657.25,5,4.0
2023-04-06,Gujarat,Sports,106885.18,15,9365.59,20,4.4
2023-11-28,Gujarat,Home Appliances,99691.75,14,18481.53,0,3.9
2023-03-12,Rajasthan,Groceries,40266.34,17,12027.52,20,4.7
2023-07-15,Bihar,Books,73342.14,16,13687.81,20,4.3
2023-07-18,Gujarat,Clothing,2891.58,1,370.66,10,3.6
2023-08-30,Kerala,Books,151943.82,19,44713.35,0,3.9
2023-05-04,Gujarat,Electronics,38541.53,8,11415.47,15,4.0
2023-03-30,Delhi,Groceries,54815.62,19,13286.38,10,4.9
2023-01-15,Madhya Pradesh,Books,89813.92,19,18311.62,5,4.8
2023-09-10,Kerala,Sports,25069.64,6,2503.37,5,4.4
2023-01-11,Kerala,Home Appliances,2988.0,1,642.75,5,4.0
2023-04-01,Telangana,Books,1328.69,2,277.77,5,4.7
2023-09-27,Odisha,Books,9905.79,3,2845.17,15,4.4
2023-06-22,Gujarat,Books,39094.78,5,9426.43,15,4.7
2023-09-07,Haryana,Books,34823.23,6,7091.23,20,4.7
2023-04-25,Haryana,Clothing,36415.26,13,8429.03,5,3.8
2023-01-01,Madhya Pradesh,Beauty,14114.54,19,2999.7,20,3.8
2023-10-17,Karnataka,Home Appliances,14918.82,5,1448.88,10,5.0
2023-03-27,Haryana,Furniture,42346.97,11,5858.57,5,4.5
2023-06-29,Gujarat,Furniture,861.11,1,151.91,15,5.0
2023-07-31,West Bengal,Beauty,55142.16,12,5641.83,15,4.7
2023-10-23,Haryana,Groceries,23307.93,6,5962.7,0,3.9
2023-06-13,Gujarat,Furniture,9190.68,3,2530.61,5,4.6
2023-10-08,Telangana,Furniture,54507.52,11,11719.22,15,4.6
2023-08-09,Haryana,Clothing,143462.99,20,16435.53,0,4.0
2023-04-08,Rajasthan,Sports,27305.05,10,2760.58,15,4.4
2023-09-09,Delhi,Electronics,6343.4,12,629.76,25,4.4
2023-09-03,Tamil Nadu,Furniture,2052.15,1,452.3,0,4.2
2023-03-01,Gujarat,Beauty,66691.62,16,15034.21,0,4.5
2023-07-18,Delhi,Books,42516.66,13,7570.97,10,4.2
2023-05-15,Tamil Nadu,Sports,18283.61,19,4488.48,25,3.6
2023-12-09,Uttar Pradesh,Beauty,41920.57,19,3916.07,15,4.7
2023-08-03,Kerala,Home Appliances,135135.68,19,24970.06,0,4.1
2023-01-18,Kerala,Clothing,30477.64,4,5449.06,5,5.0
2023-04-09,Delhi,Electronics,15228.69,14,3506.98,5,5.0
2023-11-18,Delhi,Sports,80641.37,11,22669.76,0,3.6
2023-10-12,Rajasthan,Books,39578.95,9,11152.38,0,4.7
2023-11-16,Punjab,Beauty,14433.27,4,1625.24,20,4.4
2023-02-21,Telangana,Furniture,120585.12,19,30491.64,20,4.8
2023-07-30,Gujarat,Beauty,76642.79,16,14107.66,5,3.9
2023-03-15,Punjab,Beauty,6936.89,2,1896.34,25,3.9
2023-09-01,Telangana,Sports,7820.96,12,2032.08,10,4.0
2023-09-09,Odisha,Furniture,12063.13,8,3550.52,15,4.7
2023-06-14,Gujarat,Beauty,106833.22,20,12963.77,5,4.9
2023-07-28,Madhya Pradesh,Home Appliances,119066.59,17,31031.59,20,4.7
2023-02-03,Gujarat,Beauty,31769.37,5,6205.92,20,3.5
2023-04-09,Telangana,Groceries,4742.35,2,855.61,10,4.6
2023-05-21,Uttar Pradesh,Home Appliances,59110.14,17,16732.67,25,3.5
2023-07-10,West Bengal,Home Appliances,46223.42,6,8523.97,20,4.0
2023-03-25,Odisha,Sports,7914.06,3,1306.17,5,4.8
2023-04-20,Odisha,Groceries,44661.71,8,6216.84,15,4.3
2023-12-16,Maharashtra,Home Appliances,26776.43,5,5683.33,0,3.8
2023-11-08,Bihar,Sports,33106.96,9,5390.63,10,4.2
2023-04-22,West Bengal,Sports,113599.63,17,19013.57,0,3.5
2023-12-06,Odisha,Books,96391.19,18,20626.85,10,4.5
2023-09-04,Karnataka,Books,47740.15,9,12867.31,10,4.5
2023-11-30,Gujarat,Groceries,21898.51,5,2909.58,0,4.7
2023-11-04,Rajasthan,Books,29548.12,5,6624.34,10,3.9
2023-08-03,Rajasthan,Beauty,9745.36,2,2912.36,5,4.0
2023-04-24,Haryana,Home Appliances,51658.34,12,13740.72,25,4.8
2023-04-03,Gujarat,Furniture,23353.3,16,3197.15,20,4.6
2023-04-04,Haryana,Books,6500.7,3,839.45,10,4.1
2023-06-19,Uttar Pradesh,Sports,51402.28,19,13738.14,15,3.6
2023-11-21,Punjab,Furniture,114731.13,16,21810.96,25,4.1
2023-06-02,Rajasthan,Electronics,7651.2,5,949.25,15,5.0
2023-08-23,Delhi,Books,38052.35,6,7125.98,25,5.0
2023-06-10,Haryana,Electronics,3890.4,1,490.44,5,4.4
2023-03-23,West Bengal,Furniture,25542.99,5,5603.3,15,4.1
2023-09-02,Rajasthan,Electronics,9006.74,2,2168.33,0,4.8
2023-09-29,Tamil Nadu,Electronics,5200.15,1,700.67,25,4.8
2023-06-09,Delhi,Furniture,55575.31,13,8188.76,0,4.7
2023-06-02,Gujarat,Home Appliances,84537.16,17,13046.09,25,5.0
2023-06-25,Telangana,Home Appliances,73510.4,12,8547.38,15,3.5
2023-04-25,Madhya Pradesh,Clothing,42039.02,7,8816.95,5,3.7
2023-12-31,Haryana,Electronics,91963.05,13,12532.14,20,4.4
